[{"department":"Crew","jobs":["Supervising Technical Director","Production Artist","Documentation & Support","Compositor","Video Assist Operator","Score Engineer","Additional Dialogue","Unit Publicist","Studio Teacher","Transportation Co-Captain","Second Unit Cinematographer","Visual Effects Design Consultant","Series Writer","Temp Sound Editor","Post Production Assistant","Set Production Assistant","Loader","Public Relations","Dramaturgy","Second Film Editor","Supervisor of Production Resources","Production Office Assistant","Systems Administrators & Support","Picture Car Coordinator","Craft Service","Prop Maker","Digital Effects Producer","Choreographer","Sound Design Assistant","Sequence Artist","Actor's Assistant","Chef","Propmaker","Manager of Operations","Martial Arts Choreographer","Executive in Charge of Finance","Lighting Camera","Editorial Staff","Special Effects","Information Systems Manager","Set Medic","Production Controller","Quality Control Supervisor","Associate Choreographer","Pilot","Presenter","Software Engineer","Schedule Coordinator","Motion Actor","Stand In","Production Intern","Digital Effects Supervisor","CG Supervisor","Visual Effects Editor","Additional Writing","Stunt Coordinator","Motion Capture Artist","Transportation Coordinator","Transportation Captain","Cinematography","Treatment","CGI Supervisor","Script","Additional Music","Creator","Graphic Novel Illustrator","Software Team Lead","Machinist","Post-Production Manager","Utility Stunts","Executive Visual Effects Producer","Radio Play","Second Unit","Temp Music Editor","Mix Technician","Post Production Consulting","Set Production Intern","Legal Services","Translator","Telecine Colorist","Animatronic and Prosthetic Effects","Makeup Effects","Poem","In Memory Of","Animatronics Supervisor","Fight Choreographer","Dialect Coach","Steadycam","Digital Producer","Thanks","Animatronics Designer","Marine Coordinator","Photoscience Manager","Special Sound Effects","Armory Coordinator","Pyrotechnician","Techno Crane Operator","Post Production Supervisor","Sequence Supervisor","Driver","Technical Supervisor","Creative Consultant","Commissioning Editor","Special Effects Coordinator","Security","Other","Carpenter","Sequence Lead","Department Administrator","Sets & Props Supervisor","Mixing Engineer","Title Graphics","Visual Effects Art Director","Video Game","Armorer","Aerial Coordinator","Animal Wrangler","Drone Operator","Stunts","Supervising Animator","Projection","Tattooist","Sets & Props Artist","Cableman","Scenic Artist","Executive Music Producer","Animal Coordinator","Administrative Assistant","Stunt Double","Assistant Craft Service","Cast Driver","Digital Supervisor","Medical Consultant","Playback Coordinator","Set Runner","Specialized Driver","Transcriptions","Clearances Consultant","Series Publicist","Stunt Driver","Child Wrangler","Dialogue Coach","Key Special Effects","Assistant Script","Scientific Consultant","Special Effects Assistant","Special Effects Manager","Vehicles Wrangler","Base Camp Operator","Catering Head Chef","Chaperone","Clearances Coordinator","Special Effects Best Boy","Logistics Coordinator","Master at Arms","Post Production Scripts","Sponsorship Director","Assistant Picture Car Coordinator","Vehicles Coordinator","Catering","Police Consultant","Supervising Armorer","Technical Advisor","Acting Double","Additional Script Supervisor","Interactive Manager","Assistant Vehicles Coordinator","File Footage","Head Driver","Health and Safety","Military Consultant","Charge Scenic Artist","Film Processor","Key Scenic Artist","Marine Pilot","Unit Medic","Chaperone Tutor","Floor Runner","Weapons Master","Weapons Wrangler","Security Coordinator","Sponsorship Coordinator","Captain Driver","Director of Communications","Generator Operator","Intern","Receptionist","Special Effects Technician","Assistant Chef"]},{"department":"Costume & Make-Up","jobs":["Set Costumer","Co-Costume Designer","Makeup Effects Designer","Hair Department Head","Tattoo Designer","Seamstress","Prosthetic Makeup Artist","Set Dressing Manager","Set Dressing Production Assistant","Hair Setup","Key Hair Stylist","Makeup Artist","Makeup Designer","Hair Designer","Tailor","Ager\/Dyer","Costume Design","Key Makeup Artist","Key Set Costumer","Set Dressing Artist","Set Dressing Supervisor","Shoe Design","Costume Coordinator","Key Costumer","Costume Supervisor","Makeup Department Head","Prosthetic Designer","Costume Illustrator","Wigmaker","Other","Hair Supervisor","Wardrobe Supervisor","Hairstylist","Prosthetic Supervisor","Facial Setup Artist","Assistant Costume Designer","Costume Consultant","Makeup Supervisor","Wig Designer","Assistant Hairstylist","Hairdresser","Key Hairdresser","Special Effects Key Makeup Artist","Special Effects Makeup Artist","Contact Lens Painter","Prosthetics Painter","Truck Costumer","Additional Wardrobe Assistant","Costumer","Extras Dresser","Makeup & Hair Assistant","Daily Makeup & Hair","Dresser","Makeup Trainee","Wardrobe Intern","Costume Mistress","Wardrobe Specialized Technician","Makeup & Hair","Prosthetics Sculptor","First Assistant Hairstylist","First Assistant Makeup Artist","Lead Costumer","Hair Assistant","Principal Costumer","Truck Supervisor","Costume Set Supervisor","Key Dresser","On Set Dresser","Additional Hairstylist","Assistant Hairdresser","Costume Assistant","Costume Designer","Daily Wardrobe","Extras Makeup Artist","Contact Lens Technician","Costume Standby","Prosthetics","Wardrobe Assistant","Wardrobe Designer","Wardrobe Master","Assistant Makeup Artist","Contact Lens Designer","Wardrobe Coordinator"]},{"department":"Production","jobs":["Casting","ADR Voice Casting","Production Accountant","Finance","Coordinating Producer","Script Researcher","Line Producer","Development Manager","Publicist","Supervising Producer","Assistant Production Manager","Executive Producer","Production Manager","Other","Production Director","Unit Manager","Associate Producer","Assistant Production Coordinator","Co-Producer","Consulting Producer","Producer","Location Manager","Executive In Charge Of Production","Administration","Executive In Charge Of Post Production","Unit Production Manager","Character Technical Supervisor","Co-Executive Producer","Senior Executive Consultant","Production Supervisor","Casting Associate","Casting Consultant","Local Casting","Production Office Coordinator","Executive Consultant","Casting Assistant","Researcher","Production Coordinator","Casting Producer","Musical Casting","Street Casting","Assistant Extras Casting","Back-up Set Production Assistant","Post Producer","Second Assistant Production Coordinator","Additional Casting","Art Department Production Assistant","Executive Co-Producer","Key Set Production Assistant","Post Production Coordinator","Production Designer","Second Unit Location Manager","Attorney","Delegated Producer","Feature Finishing Producer","Grip Production Assistant","Production Secretary","Trainee Production Coordinator","Accounting Clerk Assistant","Consulting Accountant","General Manager","Insert Unit Location Manager","Location Production Assistant","Production Trainee","Unit Swing","Assistant Accountant","Data Management Technician","First Assistant Production Coordinator","Head of Research","Location Assistant","Location Coordinator","Production Executive","Second Assistant Accountant","Accountant","Assistant Location Manager","Finishing Producer","Location Casting","Post Production Accountant","Casting Researcher","Key Art Production Assistant","Executive Assistant","Post Coordinator","Post Production Producer","Additional Production Assistant","Development Producer","Director of Operations","Key Production Assistant","Accounting Trainee","Additional Post-Production Supervisor","Casting Coordinator","Contract Manager","Extras Casting Coordinator","Producer's Assistant","Casting Director","Extras Casting Assistant","Post Production Technical Engineer","Accounting Supervisor","Key Accountant","Production Runner","Truck Production Assistant","Executive Producer's Assistant","Extras Casting","First Assistant Accountant","Human Resources","Key Grip Production Assistant","Production Assistant","Travel Coordinator","Background Casting Director","Back-up Truck Production Assistant","Business Affairs Coordinator","Controller","Head of Production","Original Casting","Payroll Accountant","Research Assistant","Second Assistant Unit Manager","Assistant Unit Manager","Broadcast Producer","Head of Programming","Locale Casting Director","Production Consultant","Production Driver"]},{"department":"Actors","jobs":["Cameo","Actor","Voice","Special Guest","Stunt Double"]},{"department":"Visual Effects","jobs":["Chief Technician \/ Stop-Motion Expert","Visual Development","Animation Manager","I\/O Manager","3D Modeller","CGI Director","Mechanical Designer","Animation Fix Coordinator","Pyrotechnic Supervisor","Animation Director","Battle Motion Coordinator","Visual Effects Producer","Color Designer","Pre-Visualization Supervisor","3D Animator","Fix Animator","VFX Supervisor","Character Modelling Supervisor","Visual Effects Technical Director","Visual Effects","Animation Supervisor","Simulation & Effects Artist","3D Supervisor","Creature Technical Director","Lead Character Designer","VFX Director of Photography","Imaging Science","VFX Editor","2D Artist","3D Coordinator","3D Tracking Layout","Creature Design","Visual Effects Supervisor","Visual Effects Designer","Digital Compositor","Matchmove Supervisor","Stereoscopic Coordinator","VFX Lighting Artist","Shading","VFX Production Coordinator","Simulation & Effects Production Assistant","Key Animation","Lead Animator","Opening\/Ending Animation","I\/O Supervisor","Special Effects Supervisor","2D Supervisor","Character Designer","Animation Department Coordinator","3D Director","3D Sequence Supervisor","CG Animator","CG Painter","VFX Artist","3D Artist","Animation Production Assistant","Mechanical & Creature Designer","Cloth Setup","CG Engineer","Additional Effects Development","Visual Effects Coordinator","3D Generalist","Digital Effects Producer","Roto Supervisor","Animation","Modeling","24 Frame Playback","Creature Effects Technical Director","Visual Effects Assistant Editor","Visual Effects Director","Visual Effects Production Manager","Cyber Scanning Supervisor","Generalist","Visual Effects Camera","Compositing Artist","Compositing Supervisor","Rotoscoping Artist","Senior Modeller","Stereoscopic Technical Director","Director of Previsualization","Photo Retouching","Smoke Artist","CG Artist","Digital Film Recording","Head of Animation","Senior Animator","Visual Effects Compositor","Animation Coordinator","Layout Supervisor","Pre-Visualization Coordinator","Visual Effects Production Assistant","Modelling Supervisor","Senior Visual Effects Supervisor","Animation Technical Director","2D Sequence Supervisor","Lead Creature Designer","Visual Effects Lineup","Senior Generalist","Compositing Lead","Matte Painter","Pipeline Technical Director","Supervising Animation Director","Additional Visual Effects","Effects Supervisor","Stereoscopic Supervisor"]},{"department":"Editing","jobs":["Additional Editorial Assistant","Assistant Editor","Editorial Manager","Editor","Archival Footage Research","Supervising Film Editor","Editorial Production Assistant","Digital Intermediate","Associate Editor","Additional Editing","Editorial Coordinator","Co-Editor","Archival Footage Coordinator","Color Timer","First Assistant Editor","Other","Negative Cutter","Editorial Services","Atmos Editor","Additional Editor","Color Assistant","Digital Color Timer","Senior Digital Intermediate Colorist","3D Editor","Colorist","EPK Editor","Senior Colorist","First Assistant Picture Editor","Supervising Editor","Color Grading","Dailies Operator","Digital Colorist","Lead Editor","3D Digital Colorist","Assistant Picture Editor","Dailies Technician","Digital Conform Editor","Project Manager","Stereoscopic Editor","Additional Colorist","Dailies Manager","Digital Intermediate Editor","Digital Intermediate Colorist","Digital Intermediate Data Wrangler","Consulting Editor","Editorial Consultant","Digital Intermediate Producer","Online Editor","Digital Intermediate Assistant"]},{"department":"Camera","jobs":["Camera Department Manager","Russian Arm Operator","Additional Camera","Dolly Grip","Steadicam Operator","Camera Technician","Still Photographer","Helicopter Camera","Aerial Camera","Second Unit Director of Photography","Director of Photography","Underwater Camera","Grip","Camera Intern","Camera Operator","Key Grip","Additional Still Photographer","Camera Supervisor","Camera Loader","Additional Photography","First Assistant Camera","Epk Camera Operator","Underwater Director of Photography","Ultimate Arm Operator","Aerial Director of Photography","Other","Aerial Camera Technician","Libra Head Technician","Additional Director of Photography","Additional First Assistant Camera","BTS Photographer","Camera Trainee","Focus Puller","Second Assistant \"D\" Camera","Videojournalist","Epk Director","Assistant Camera","BTS Footage","Second Company Grip","Third Assistant Camera","Additional Second Assistant Camera","Best Boy Grip","Red Technician","\"D\" Camera Operator","Set Photographer","\"A\" Camera Operator","\"B\" Camera Operator","\"C\" Camera Operator","Camera Car","Camera Production Assistant","Clapper Loader","First Assistant \"B\" Camera","First Assistant \"D\" Camera","Camera Department Production Assistant","Additional Key Grip","Digital Imaging Technician","First Assistant \"C\" Camera","First Company Grip","Second Assistant Camera","Third Assistant \"A\" Camera","Assistant Grip","Jimmy Jib Operator","Third Assistant \"B\" Camera","Additional Grip","Drone Cinematographer","Phantom Operator","Second Assistant \"B\" Camera","Underwater Stills Photographer","Second Assistant \"C\" Camera","Video Report","Additional Set Photographer","Drone Pilot","Additional Underwater Photography","Data Wrangler","First Assistant \"A\" Camera","Head of Layout","Second Assistant \"A\" Camera","Third Assistant \"C\" Camera","Third Assistant \"D\" Camera","Underwater Epk Photographer","BTS Videographer","Camera Truck","Epk Producer"]},{"department":"Sound","jobs":["Music Editor","Sound Designer","Sound Recordist","Assistant Sound Editor","Sound Effects","Supervising ADR Editor","Utility Sound","Original Music Composer","Music Supervisor","ADR Supervisor","Playback Singer","Supervising Music Editor","Sound Director","Dialogue Editor","Boom Operator","Songs","Orchestrator","Supervising Sound Effects Editor","Recording Supervision","Additional Music Supervisor","Sound","Musician","Music Programmer","Scoring Mixer","Additional Sound Re-Recordist","Supervising Sound Editor","Sound Re-Recording Mixer","Sound Engineer","Foley Editor","Music Score Producer","Additional Soundtrack","Foley","Sound Montage Associate","Music Director","Sound Effects Editor","Music","First Assistant Sound Editor","Dolby Consultant","Production Sound Mixer","Other","Sound Effects Designer","Theme Song Performance","ADR & Dubbing","Vocal Coach","Additional Sound Re-Recording Mixer","Assistant Music Supervisor","Supervising Dialogue Editor","Sound Editor","Sound Mixer","ADR Editor","Apprentice Sound Editor","Conductor","Foley Recordist","Assistant Dialogue Editor","Assistant Sound Designer","Foley Recording Engineer","Music Sound Design and Processing","Second Assistant Sound","Music Coordinator","O.B. Sound","ADR Engineer","Audio Post Coordinator","Location Sound Recordist","Music Consultant","Sound Technical Supervisor","Assistant Sound Engineer","Sound Mix Technician","Additional Production Sound Mixer","Foley Mixer","Keyboard Programmer","Location Sound Assistant","Sound Post Production Coordinator","ADR Recordist","Loop Group Coordinator","Music Producer","ADR Recording Engineer","Sound Supervisor","ADR Editor","Foley Artist","Joint ADR Mixer","Sound Assistant","Sound Post Supervisor","Assistant Foley Artist","Music Arranger","Music Supervision Assistant","ADR Coordinator","Main Title Theme Composer","Music Co-Supervisor","ADR Post Producer","Foley Supervisor","Sound Re-Recording Assistant","ADR Mixer","Digital Foley Artist","Location Sound Mixer","Vocals"]},{"department":"Writing","jobs":["Writer","Storyboard","Story Editor","Idea","Script Editor","Short Story","Story","Teleplay","Adaptation","Author","Scenario Writer","Script Consultant","Opera","Musical","Comic Book","Series Composition","Novel","Dialogue","Co-Writer","Characters","Theatre Play","Other","Screenstory","Original Story","Creative Producer","Book","Screenplay","Original Series Creator","Graphic Novel","Original Film Writer","Story Consultant","Writers' Assistant","Executive Story Editor","Story Manager","Senior Story Editor","Story Supervisor","Staff Writer","Writers' Production","Story Artist","Story Developer","Head of Story","Lyricist","Junior Story Editor","Original Concept","Story Coordinator"]},{"department":"Art","jobs":["Art Direction","Production Design","Set Designer","Interior Designer","Prop Designer","Assistant Set Designer","Dressing Prop","Head Designer","Gun Wrangler","Additional Set Dresser","Assistant Decorator","Assistant Production Design","Construction Grip","Construction Manager","First Assistant Property Master","Greensman","Construction Foreman","Lead Painter","Assistant Director of Photography","Additional Key Construction Grip","First Assistant Art Direction","Digital Storyboarding","Head Carpenter","Assistant Property Master","Co-Art Director","Conceptual Illustrator","Assistant Set Propsman","Storyboard Designer","Assistant Set Decoration Buyer","Concept Artist","Set Decorating Coordinator","Construction Buyer","Decorator","Art Department Assistant","Background Designer","Sign Painter","Title Designer","Art Designer","Art Direction Intern","Creative Director","Sculptor","Assistant Set Dresser","Additional Storyboarding","Settings","Other","Production Illustrator","Standby Painter","Assistant Art Director","Art Department Coordinator","Draughtsman","Additional Construction Grip","Art Department Trainee","Art Department Manager","Graphic Designer","Head Decorator","Supervising Art Director","Construction Coordinator","Lead Set Dresser","Set Dresser","Additional Construction","Assistant Set Decoration","Set Decoration","Leadman","Daily Grip","Conceptual Design","Set Decoration Buyer","Property Master","Location Scout","Painter","Property Builder","Runner Art Department","Paint Coordinator","Storyboard Artist","Special Props","Standby Carpenter","On Set Props","Set Propsman","Property Graphic Designer","Petty Cash Buyer","Head Greensman","Title Illustration","Property Buyer","Props","Standby Property Master","Shop Electric","On Set Key Props","Key Construction Grip","Key Set Painter","Standby Art Director","Opening Title Sequence","Key Carpenter","Second Assistant Art Director","Textile Artist","Set Painter","Web Designer","Main Title Designer","On Set Computer Graphics","Original Series Design","Set Dressing Buyer","Set Supervisor","Storyboard Assistant","Set Buyer","Supervising Carpenter","Swing","Helping Hand"]},{"department":"Directing","jobs":["Director","Script Supervisor","Layout","Continuity","Special Guest Director","Other","Assistant Director","Co-Director","Second Assistant Director","Third Assistant Director","Script Coordinator","First Assistant Director","Insert Unit Director","Second Second Assistant Director","Second Unit First Assistant Director","Insert Unit First Assistant Director","Field Director","Crowd Assistant Director","Stage Director","Action Director","Additional Second Assistant Director","Assistant Director Trainee","Second Assistant Director Trainee","Additional Third Assistant Director","First Assistant Director (Prep)","First Assistant Director Trainee","Second Unit Director","Series Director"]},{"department":"Lighting","jobs":["Directing Lighting Artist","Best Boy Electric","Rigging Gaffer","Best Boy Electrician","Lighting Coordinator","Lighting Director","Underwater Gaffer","Lighting Technician","Gaffer","Lighting Manager","Master Lighting Artist","Other","Rigging Supervisor","Lighting Supervisor","Lighting Production Assistant","Rigging Grip","Chief Lighting Technician","Lighting Artist","Electrician","O.B. Lighting","Additional Gaffer","Key Rigging Grip","Lighting Design","Assistant Electrician","Assistant Chief Lighting Technician","Best Boy Lighting Technician","Daily Electrics","Genetator Operator","Lighting Programmer","Standby Rigger","Additional Lighting Technician","Assistant Gaffer"]}]