[{"code":"AD","name":"Andorra"},{"code":"AE","name":"United Arab Emirates"},{"code":"AF","name":"Afghanistan"},{"code":"AG","name":"Antigua and Barbuda"},{"code":"AI","name":"Anguilla"},{"code":"AL","name":"Albania"},{"code":"AM","name":"Armenia"},{"code":"AN","name":"Netherlands Antilles"},{"code":"AO","name":"Angola"},{"code":"AQ","name":"Antarctica"},{"code":"AR","name":"Argentina"},{"code":"AS","name":"American Samoa"},{"code":"AT","name":"Austria"},{"code":"AU","name":"Australia"},{"code":"AW","name":"Aruba"},{"code":"AZ","name":"Azerbaijan"},{"code":"BA","name":"Bosnia and Herzegovina"},{"code":"BB","name":"Barbados"},{"code":"BD","name":"Bangladesh"},{"code":"BE","name":"Belgium"},{"code":"BF","name":"Burkina Faso"},{"code":"BG","name":"Bulgaria"},{"code":"BH","name":"Bahrain"},{"code":"BI","name":"Burundi"},{"code":"BJ","name":"Benin"},{"code":"BM","name":"Bermuda"},{"code":"BN","name":"Brunei Darussalam"},{"code":"BO","name":"Bolivia"},{"code":"BR","name":"Brazil"},{"code":"BS","name":"Bahamas"},{"code":"BT","name":"Bhutan"},{"code":"BU","name":"Burma"},{"code":"BV","name":"Bouvet Island"},{"code":"BW","name":"Botswana"},{"code":"BY","name":"Belarus"},{"code":"BZ","name":"Belize"},{"code":"CA","name":"Canada"},{"code":"CC","name":"Cocos  Islands"},{"code":"CD","name":"Congo"},{"code":"CF","name":"Central African Republic"},{"code":"CG","name":"Congo"},{"code":"CH","name":"Switzerland"},{"code":"CI","name":"Cote D'Ivoire"},{"code":"CK","name":"Cook Islands"},{"code":"CL","name":"Chile"},{"code":"CM","name":"Cameroon"},{"code":"CN","name":"China"},{"code":"CO","name":"Colombia"},{"code":"CR","name":"Costa Rica"},{"code":"CS","name":"Serbia and Montenegro"},{"code":"CU","name":"Cuba"},{"code":"CV","name":"Cape Verde"},{"code":"CX","name":"Christmas Island"},{"code":"CY","name":"Cyprus"},{"code":"CZ","name":"Czech Republic"},{"code":"DE","name":"Germany"},{"code":"DJ","name":"Djibouti"},{"code":"DK","name":"Denmark"},{"code":"DM","name":"Dominica"},{"code":"DO","name":"Dominican Republic"},{"code":"DZ","name":"Algeria"},{"code":"EC","name":"Ecuador"},{"code":"EE","name":"Estonia"},{"code":"EG","name":"Egypt"},{"code":"EH","name":"Western Sahara"},{"code":"ER","name":"Eritrea"},{"code":"ES","name":"Spain"},{"code":"ET","name":"Ethiopia"},{"code":"FI","name":"Finland"},{"code":"FJ","name":"Fiji"},{"code":"FK","name":"Falkland Islands"},{"code":"FM","name":"Micronesia"},{"code":"FO","name":"Faeroe Islands"},{"code":"FR","name":"France"},{"code":"GA","name":"Gabon"},{"code":"GB","name":"United Kingdom"},{"code":"GD","name":"Grenada"},{"code":"GE","name":"Georgia"},{"code":"GF","name":"French Guiana"},{"code":"GH","name":"Ghana"},{"code":"GI","name":"Gibraltar"},{"code":"GL","name":"Greenland"},{"code":"GM","name":"Gambia"},{"code":"GN","name":"Guinea"},{"code":"GP","name":"Guadaloupe"},{"code":"GQ","name":"Equatorial Guinea"},{"code":"GR","name":"Greece"},{"code":"GS","name":"South Georgia and the South Sandwich Islands"},{"code":"GT","name":"Guatemala"},{"code":"GU","name":"Guam"},{"code":"GW","name":"Guinea-Bissau"},{"code":"GY","name":"Guyana"},{"code":"HK","name":"Hong Kong"},{"code":"HM","name":"Heard and McDonald Islands"},{"code":"HN","name":"Honduras"},{"code":"HR","name":"Croatia"},{"code":"HT","name":"Haiti"},{"code":"HU","name":"Hungary"},{"code":"ID","name":"Indonesia"},{"code":"IE","name":"Ireland"},{"code":"IL","name":"Israel"},{"code":"IN","name":"India"},{"code":"IO","name":"British Indian Ocean Territory"},{"code":"IQ","name":"Iraq"},{"code":"IR","name":"Iran"},{"code":"IS","name":"Iceland"},{"code":"IT","name":"Italy"},{"code":"JM","name":"Jamaica"},{"code":"JO","name":"Jordan"},{"code":"JP","name":"Japan"},{"code":"KE","name":"Kenya"},{"code":"KG","name":"Kyrgyz Republic"},{"code":"KH","name":"Cambodia"},{"code":"KI","name":"Kiribati"},{"code":"KM","name":"Comoros"},{"code":"KN","name":"St. Kitts and Nevis"},{"code":"KP","name":"North Korea"},{"code":"KR","name":"South Korea"},{"code":"KW","name":"Kuwait"},{"code":"KY","name":"Cayman Islands"},{"code":"KZ","name":"Kazakhstan"},{"code":"LA","name":"Lao People's Democratic Republic"},{"code":"LB","name":"Lebanon"},{"code":"LC","name":"St. Lucia"},{"code":"LI","name":"Liechtenstein"},{"code":"LK","name":"Sri Lanka"},{"code":"LR","name":"Liberia"},{"code":"LS","name":"Lesotho"},{"code":"LT","name":"Lithuania"},{"code":"LU","name":"Luxembourg"},{"code":"LV","name":"Latvia"},{"code":"LY","name":"Libyan Arab Jamahiriya"},{"code":"MA","name":"Morocco"},{"code":"MC","name":"Monaco"},{"code":"MD","name":"Moldova"},{"code":"ME","name":"Montenegro"},{"code":"MG","name":"Madagascar"},{"code":"MH","name":"Marshall Islands"},{"code":"MK","name":"Macedonia"},{"code":"ML","name":"Mali"},{"code":"MM","name":"Myanmar"},{"code":"MN","name":"Mongolia"},{"code":"MO","name":"Macao"},{"code":"MP","name":"Northern Mariana Islands"},{"code":"MQ","name":"Martinique"},{"code":"MR","name":"Mauritania"},{"code":"MS","name":"Montserrat"},{"code":"MT","name":"Malta"},{"code":"MU","name":"Mauritius"},{"code":"MV","name":"Maldives"},{"code":"MW","name":"Malawi"},{"code":"MX","name":"Mexico"},{"code":"MY","name":"Malaysia"},{"code":"MZ","name":"Mozambique"},{"code":"NA","name":"Namibia"},{"code":"NC","name":"New Caledonia"},{"code":"NE","name":"Niger"},{"code":"NF","name":"Norfolk Island"},{"code":"NG","name":"Nigeria"},{"code":"NI","name":"Nicaragua"},{"code":"NL","name":"Netherlands"},{"code":"NO","name":"Norway"},{"code":"NP","name":"Nepal"},{"code":"NR","name":"Nauru"},{"code":"NU","name":"Niue"},{"code":"NZ","name":"New Zealand"},{"code":"OM","name":"Oman"},{"code":"PA","name":"Panama"},{"code":"PE","name":"Peru"},{"code":"PF","name":"French Polynesia"},{"code":"PG","name":"Papua New Guinea"},{"code":"PH","name":"Philippines"},{"code":"PK","name":"Pakistan"},{"code":"PL","name":"Poland"},{"code":"PM","name":"St. Pierre and Miquelon"},{"code":"PN","name":"Pitcairn Island"},{"code":"PR","name":"Puerto Rico"},{"code":"PS","name":"Palestinian Territory"},{"code":"PT","name":"Portugal"},{"code":"PW","name":"Palau"},{"code":"PY","name":"Paraguay"},{"code":"QA","name":"Qatar"},{"code":"RE","name":"Reunion"},{"code":"RO","name":"Romania"},{"code":"RS","name":"Serbia"},{"code":"RU","name":"Russia"},{"code":"RW","name":"Rwanda"},{"code":"SA","name":"Saudi Arabia"},{"code":"SB","name":"Solomon Islands"},{"code":"SC","name":"Seychelles"},{"code":"SD","name":"Sudan"},{"code":"SE","name":"Sweden"},{"code":"SG","name":"Singapore"},{"code":"SH","name":"St. Helena"},{"code":"SI","name":"Slovenia"},{"code":"SJ","name":"Svalbard & Jan Mayen Islands"},{"code":"SK","name":"Slovakia"},{"code":"SL","name":"Sierra Leone"},{"code":"SM","name":"San Marino"},{"code":"SN","name":"Senegal"},{"code":"SO","name":"Somalia"},{"code":"SR","name":"Suriname"},{"code":"SS","name":"South Sudan"},{"code":"ST","name":"Sao Tome and Principe"},{"code":"SU","name":"Soviet Union"},{"code":"SV","name":"El Salvador"},{"code":"SY","name":"Syrian Arab Republic"},{"code":"SZ","name":"Swaziland"},{"code":"TC","name":"Turks and Caicos Islands"},{"code":"TD","name":"Chad"},{"code":"TF","name":"French Southern Territories"},{"code":"TG","name":"Togo"},{"code":"TH","name":"Thailand"},{"code":"TJ","name":"Tajikistan"},{"code":"TK","name":"Tokelau"},{"code":"TL","name":"Timor-Leste"},{"code":"TM","name":"Turkmenistan"},{"code":"TN","name":"Tunisia"},{"code":"TO","name":"Tonga"},{"code":"TP","name":"East Timor"},{"code":"TR","name":"Turkey"},{"code":"TT","name":"Trinidad and Tobago"},{"code":"TV","name":"Tuvalu"},{"code":"TW","name":"Taiwan"},{"code":"TZ","name":"Tanzania"},{"code":"UA","name":"Ukraine"},{"code":"UG","name":"Uganda"},{"code":"UM","name":"United States Minor Outlying Islands"},{"code":"US","name":"United States of America"},{"code":"UY","name":"Uruguay"},{"code":"UZ","name":"Uzbekistan"},{"code":"VA","name":"Holy See"},{"code":"VC","name":"St. Vincent and the Grenadines"},{"code":"VE","name":"Venezuela"},{"code":"VG","name":"British Virgin Islands"},{"code":"VI","name":"US Virgin Islands"},{"code":"VN","name":"Vietnam"},{"code":"VU","name":"Vanuatu"},{"code":"WF","name":"Wallis and Futuna Islands"},{"code":"WS","name":"Samoa"},{"code":"XC","name":"Czechoslovakia"},{"code":"XG","name":"East Germany"},{"code":"XI","name":"Northern Ireland"},{"code":"XK","name":"Kosovo"},{"code":"YE","name":"Yemen"},{"code":"YT","name":"Mayotte"},{"code":"YU","name":"Yugoslavia"},{"code":"ZA","name":"South Africa"},{"code":"ZM","name":"Zambia"},{"code":"ZR","name":"Zaire"},{"code":"ZW","name":"Zimbabwe"}]