{"These credentials do not match our records.":"These credentials do not match our records.","Too many login attempts. Please try again in :seconds seconds.":"Too many login attempts. Please try again in :seconds seconds.","&laquo; Previous":"&laquo; Previous","Next &raquo;":"Next &raquo;","Passwords must be at least six characters and match the confirmation.":"Passwords must be at least six characters and match the confirmation.","Your password has been reset!":"Your password has been reset!","We have e-mailed your password reset link!":"We have e-mailed your password reset link!","This password reset token is invalid.":"This password reset token is invalid.","We can't find a user with that e-mail address.":"We can't find a user with that e-mail address.","The :attribute must be accepted.":"The :attribute must be accepted.","The :attribute is not a valid URL.":"The :attribute is not a valid URL.","The :attribute must be a date after :date.":"The :attribute must be a date after :date.","The :attribute must be a date after or equal to :date.":"The :attribute must be a date after or equal to :date.","The :attribute may only contain letters.":"The :attribute may only contain letters.","The :attribute may only contain letters, numbers, and dashes.":"The :attribute may only contain letters, numbers, and dashes.","The :attribute may only contain letters and numbers.":"The :attribute may only contain letters and numbers.","The :attribute must be an array.":"The :attribute must be an array.","The :attribute must be a date before :date.":"The :attribute must be a date before :date.","The :attribute must be a date before or equal to :date.":"The :attribute must be a date before or equal to :date.","The :attribute must be between :min and :max.":"The :attribute must be between :min and :max.","The :attribute must be between :min and :max kilobytes.":"The :attribute must be between :min and :max kilobytes.","The :attribute must be between :min and :max characters.":"The :attribute must be between :min and :max characters.","The :attribute must have between :min and :max items.":"The :attribute must have between :min and :max items.","The :attribute field must be true or false.":"The :attribute field must be true or false.","The :attribute confirmation does not match.":"The :attribute confirmation does not match.","The :attribute is not a valid date.":"The :attribute is not a valid date.","The :attribute does not match the format :format.":"The :attribute does not match the format :format.","The :attribute and :other must be different.":"The :attribute and :other must be different.","The :attribute must be :digits digits.":"The :attribute must be :digits digits.","The :attribute must be between :min and :max digits.":"The :attribute must be between :min and :max digits.","The :attribute has invalid image dimensions.":"The :attribute has invalid image dimensions.","The :attribute field has a duplicate value.":"The :attribute field has a duplicate value.","The :attribute must be a valid email address.":"The :attribute must be a valid email address.","The selected :attribute is invalid.":"The selected :attribute is invalid.","The :attribute must be a file.":"The :attribute must be a file.","The :attribute field must have a value.":"The :attribute field must have a value.","The :attribute must be an image.":"The :attribute must be an image.","The :attribute field does not exist in :other.":"The :attribute field does not exist in :other.","The :attribute must be an integer.":"The :attribute must be an integer.","The :attribute must be a valid IP address.":"The :attribute must be a valid IP address.","The :attribute must be a valid IPv4 address.":"The :attribute must be a valid IPv4 address.","The :attribute must be a valid IPv6 address.":"The :attribute must be a valid IPv6 address.","The :attribute must be a valid JSON string.":"The :attribute must be a valid JSON string.","The :attribute may not be greater than :max.":"The :attribute may not be greater than :max.","The :attribute may not be greater than :max kilobytes.":"The :attribute may not be greater than :max kilobytes.","The :attribute may not be greater than :max characters.":"The :attribute may not be greater than :max characters.","The :attribute may not have more than :max items.":"The :attribute may not have more than :max items.","The :attribute must be a file of type: :values.":"The :attribute must be a file of type: :values.","The :attribute must be at least :min.":"The :attribute must be at least :min.","The :attribute must be at least :min kilobytes.":"The :attribute must be at least :min kilobytes.","The :attribute must be at least :min characters.":"The :attribute must be at least :min characters.","The :attribute must have at least :min items.":"The :attribute must have at least :min items.","The :attribute must be a number.":"The :attribute must be a number.","The :attribute field must be present.":"The :attribute field must be present.","The :attribute format is invalid.":"The :attribute format is invalid.","The :attribute field is required.":"The :attribute field is required.","The :attribute field is required when :other is :value.":"The :attribute field is required when :other is :value.","The :attribute field is required unless :other is in :values.":"The :attribute field is required unless :other is in :values.","The :attribute field is required when :values is present.":"The :attribute field is required when :values is present.","The :attribute field is required when :values is not present.":"The :attribute field is required when :values is not present.","The :attribute field is required when none of :values are present.":"The :attribute field is required when none of :values are present.","The :attribute and :other must match.":"The :attribute and :other must match.","The :attribute must be :size.":"The :attribute must be :size.","The :attribute must be :size kilobytes.":"The :attribute must be :size kilobytes.","The :attribute must be :size characters.":"The :attribute must be :size characters.","The :attribute must contain :size items.":"The :attribute must contain :size items.","The :attribute must be a string.":"The :attribute must be a string.","The :attribute must be a valid zone.":"The :attribute must be a valid zone.","The :attribute has already been taken.":"The :attribute has already been taken.","The :attribute failed to upload.":"The :attribute failed to upload.","Movies":"Movies","Series":"Series","People":"People","News":"News","Top Movies":"Top Movies","Top Shows":"Top Shows","Coming Soon":"Coming Soon","Now Playing":"Now Playing","Action":"Action","Comedy":"Comedy","Drama":"Drama","Crime":"Crime","Adventure":"Adventure","Contact":"Contact","Privacy Policy":"Privacy Policy","Terms of Use":"Terms of Use","About Us":"About Us"}