[
  {
    "name": "Homepage",
    "slug": "homepage",
    "description": null,
    "public": true,
    "internal": false,
    "config": {
      "seoTitle": "Watch Anime Online | {{site_name}}",
      "seoDescription": "Watch anime online in high quality with English dubbed + subbed. Here you can watch online anime without paying, registering. Just come and enjoy your anime and use tons of great features...",
      "contentType": "manual",
      "contentOrder": "channelables.order:asc",
      "nestedLayout": "carousel",
      "contentModel": "channel",
      "autoUpdateProvider": "local",
      "layout": "list",
      "restriction": null,
      "hideTitle": true
    },
    "nestedChannels": [
      "trending-series",
      "supernatural",
      "trending-movies",
      "fantasy-worlds",
      "romance",
      "just-updated",
      "slice-of-life",
      "based-on-manga",
      "martial-arts",
      "top-rated",
      "school-life",
      "demons"
    ]
  },
  {
    "name": "Trending movies",
    "slug": "trending-movies",
    "description": "Trending across the globe: anime movies taking the world by storm",
    "public": true,
    "internal": false,
    "config": {
      "contentType": "autoUpdate",
      "contentOrder": "popularity:desc",
      "nestedLayout": "carousel",
      "contentModel": "movie",
      "autoUpdateProvider": "tmdb",
      "layout": "grid",
      "restriction": "keyword",
      "restrictionModelId": 210024,
      "autoUpdateMethod": "mostPopular"
    }
  },
  {
    "name": "School life",
    "slug": "school-life",
    "description": "Lessons of friendship and love: heartwarming connections await",
    "public": true,
    "internal": false,
    "config": {
      "contentType": "autoUpdate",
      "contentOrder": "popularity:desc",
      "nestedLayout": "carousel",
      "contentModel": "series",
      "autoUpdateProvider": "tmdb",
      "layout": "grid",
      "restriction": "keyword",
      "autoUpdateMethod": "mostPopular",
      "restrictionModelId": 190116,
      "tmdb_keywords": [210024]
    }
  },
  {
    "name": "Supernatural",
    "slug": "supernatural",
    "description": "Summon the otherworld: extraordinary adventures await",
    "public": true,
    "internal": false,
    "config": {
      "contentType": "autoUpdate",
      "contentOrder": "popularity:desc",
      "nestedLayout": "carousel",
      "contentModel": "series",
      "autoUpdateProvider": "tmdb",
      "layout": "grid",
      "restriction": "keyword",
      "restrictionModelId": 6152,
      "autoUpdateMethod": "discover",
      "tmdb_keywords": [210024]
    }
  },
  {
    "name": "Based on manga",
    "slug": "based-on-manga",
    "description": "From ink to life: experience the world of manga-inspired stories",
    "public": true,
    "internal": false,
    "config": {
      "contentType": "autoUpdate",
      "contentOrder": "popularity:desc",
      "nestedLayout": "carousel",
      "contentModel": "series",
      "autoUpdateProvider": "tmdb",
      "layout": "grid",
      "restriction": "keyword",
      "restrictionModelId": 13141,
      "autoUpdateMethod": "discover",
      "tmdb_keywords": [210024]
    }
  },
  {
    "name": "Martial arts",
    "slug": "martial-arts",
    "description": "From discipline to honor - journey through realms of combat",
    "public": true,
    "internal": false,
    "config": {
      "contentType": "autoUpdate",
      "contentOrder": "popularity:desc",
      "nestedLayout": "carousel",
      "contentModel": "series",
      "autoUpdateProvider": "tmdb",
      "layout": "grid",
      "restriction": "keyword",
      "restrictionModelId": 779,
      "autoUpdateMethod": "discover",
      "tmdb_keywords": [210024]
    }
  },
  {
    "name": "Romance",
    "slug": "romance",
    "description": "chasing destiny, finding Love: an anime romance odyssey",
    "public": true,
    "internal": false,
    "config": {
      "contentType": "autoUpdate",
      "contentOrder": "popularity:desc",
      "nestedLayout": "carousel",
      "contentModel": "series",
      "autoUpdateProvider": "tmdb",
      "layout": "grid",
      "restriction": "keyword",
      "restrictionModelId": 9840,
      "autoUpdateMethod": "discover",
      "tmdb_keywords": [210024]
    }
  },
  {
    "name": "Fantasy worlds",
    "slug": "fantasy-worlds",
    "description": "Whispers of wonders: where fantasy worlds unfold",
    "public": true,
    "internal": false,
    "config": {
      "contentType": "autoUpdate",
      "contentOrder": "popularity:desc",
      "nestedLayout": "carousel",
      "contentModel": "series",
      "autoUpdateProvider": "tmdb",
      "layout": "grid",
      "restriction": "keyword",
      "autoUpdateMethod": "latestVideos",
      "restrictionModelId": 170362,
      "tmdb_keywords": [210024]
    }
  },
  {
    "name": "Demons",
    "slug": "demons",
    "description": "Infernal intrigues: dive into the depths of demon lore",
    "public": true,
    "internal": false,
    "config": {
      "contentType": "autoUpdate",
      "contentOrder": "popularity:desc",
      "nestedLayout": "carousel",
      "contentModel": "series",
      "autoUpdateProvider": "tmdb",
      "layout": "grid",
      "restriction": "keyword",
      "restrictionModelId": 15001,
      "autoUpdateMethod": "latestVideos",
      "tmdb_keywords": [210024]
    }
  },
  {
    "name": "Trending Series",
    "slug": "trending-series",
    "description": "Catch the unstoppable craze of trending anime series now",
    "public": true,
    "internal": false,
    "config": {
      "contentType": "autoUpdate",
      "contentOrder": "popularity:desc",
      "nestedLayout": "slider",
      "contentModel": "series",
      "autoUpdateProvider": "tmdb",
      "layout": "grid",
      "restriction": "keyword",
      "autoUpdateMethod": "mostPopular",
      "restrictionModelId": 210024,
      "hideTitle": true
    }
  },
  {
    "name": "Just updated on MTDb",
    "slug": "just-updated",
    "description": null,
    "public": true,
    "internal": false,
    "config": {
      "contentType": "autoUpdate",
      "contentOrder": "popularity:desc",
      "nestedLayout": "carousel",
      "contentModel": "title",
      "autoUpdateProvider": "local",
      "layout": "grid",
      "restriction": null,
      "autoUpdateMethod": "latestVideos"
    }
  },
  {
    "name": "Top rated on MTDb",
    "slug": "top-rated",
    "description": null,
    "public": true,
    "internal": false,
    "config": {
      "contentType": "autoUpdate",
      "contentOrder": "popularity:desc",
      "nestedLayout": "carousel",
      "contentModel": "series",
      "autoUpdateProvider": "tmdb",
      "layout": "grid",
      "restriction": "keyword",
      "restrictionModelId": 210024,
      "autoUpdateMethod": "topRated"
    }
  },
  {
    "name": "Slice of life",
    "slug": "slice-of-life",
    "description": "Everyday adventures: embrace the charm of slice of life",
    "public": true,
    "internal": false,
    "config": {
      "contentType": "autoUpdate",
      "contentOrder": "popularity:desc",
      "nestedLayout": "carousel",
      "contentModel": "series",
      "autoUpdateProvider": "tmdb",
      "layout": "grid",
      "restriction": "keyword",
      "restrictionModelId": 9914,
      "autoUpdateMethod": "mostPopular",
      "tmdb_keywords": [210024]
    }
  }
]
