[
  {
    "slug": "homepage",
    "name": "Homepage",
    "internal": false,
    "description": null,
    "type": "channel",
    "public": true,
    "config": {
      "seoTitle": "Watch movies and TV shows online | {{site_name}}",
      "seoDescription": "Watch movies and TV shows online. Stream TV episodes and popular movies on your favorite devices. Start your free trial now. Cancel anytime.",
      "contentType": "manual",
      "contentOrder": "channelables.order:asc",
      "nestedLayout": "carousel",
      "contentModel": "channel",
      "autoUpdateProvider": "local",
      "layout": "list",
      "restriction": null,
      "hideTitle": true
    },
    "nestedChannels": [
      "trending-movies",
      "kids-and-family-movies",
      "comedy-movies",
      "science-fiction-movies",
      "horror-movies",
      "documentaries",
      "crime-tv-shows",
      "music-movies",
      "supernatural-tv",
      "superhero-movies",
      "tv-shows-based-on-books",
      "disaster-movies"
    ],
    "created_at": "2023-07-09T15:36:49.000000Z",
    "updated_at": "2023-07-16T12:06:34.000000Z",
    "model_type": "channel"
  },
  {
    "slug": "trending-movies",
    "name": "Trending movies",
    "internal": false,
    "description": null,
    "type": "channel",
    "public": true,
    "config": {
      "contentType": "autoUpdate",
      "contentOrder": "popularity:desc",
      "nestedLayout": "slider",
      "contentModel": "movie",
      "autoUpdateProvider": "tmdb",
      "layout": "grid",
      "restriction": null,
      "autoUpdateMethod": "mostPopular",
      "hideTitle": true
    },
    "created_at": "2023-07-16T11:50:32.000000Z",
    "updated_at": "2023-07-16T11:52:11.000000Z",
    "model_type": "channel"
  },
  {
    "slug": "kids-and-family-movies",
    "name": "Kids and family movies",
    "internal": false,
    "description": null,
    "type": "channel",
    "public": true,
    "config": {
      "contentType": "autoUpdate",
      "contentOrder": "popularity:desc",
      "nestedLayout": "landscapeCarousel",
      "contentModel": "movie",
      "autoUpdateProvider": "tmdb",
      "layout": "grid",
      "restriction": "genre",
      "restrictionModelId": 10751,
      "autoUpdateMethod": "discover"
    },
    "created_at": "2023-07-16T11:24:08.000000Z",
    "updated_at": "2023-07-16T11:29:42.000000Z",
    "model_type": "channel"
  },
  {
    "slug": "comedy-movies",
    "name": "Romantic comedy movies",
    "internal": false,
    "description": null,
    "type": "channel",
    "public": true,
    "config": {
      "contentType": "autoUpdate",
      "contentOrder": "popularity:desc",
      "nestedLayout": "carousel",
      "contentModel": "movie",
      "autoUpdateProvider": "tmdb",
      "layout": "grid",
      "restriction": "keyword",
      "restrictionModelId": 9799,
      "autoUpdateMethod": "discover"
    },
    "created_at": "2023-07-16T11:32:17.000000Z",
    "updated_at": "2023-07-16T11:36:45.000000Z",
    "model_type": "channel"
  },
  {
    "slug": "science-fiction-movies",
    "name": "Science fiction movies",
    "internal": false,
    "description": null,
    "type": "channel",
    "public": true,
    "config": {
      "contentType": "autoUpdate",
      "contentOrder": "popularity:desc",
      "nestedLayout": "carousel",
      "contentModel": "movie",
      "autoUpdateProvider": "tmdb",
      "layout": "grid",
      "restriction": "genre",
      "restrictionModelId": 878,
      "autoUpdateMethod": "discover"
    },
    "created_at": "2023-07-16T11:38:15.000000Z",
    "updated_at": "2023-07-16T11:39:43.000000Z",
    "model_type": "channel"
  },
  {
    "slug": "horror-movies",
    "name": "Horror movies",
    "internal": false,
    "description": null,
    "type": "channel",
    "public": true,
    "config": {
      "contentType": "autoUpdate",
      "contentOrder": "popularity:desc",
      "nestedLayout": "carousel",
      "contentModel": "movie",
      "autoUpdateProvider": "tmdb",
      "layout": "grid",
      "restriction": "genre",
      "restrictionModelId": 27,
      "autoUpdateMethod": "discover"
    },
    "created_at": "2023-07-16T11:40:04.000000Z",
    "updated_at": "2023-07-16T11:40:11.000000Z",
    "model_type": "channel"
  },
  {
    "slug": "documentaries",
    "name": "Documentaries",
    "internal": false,
    "description": null,
    "type": "channel",
    "public": true,
    "config": {
      "contentType": "autoUpdate",
      "contentOrder": "rating:desc",
      "nestedLayout": "landscapeCarousel",
      "contentModel": "series",
      "autoUpdateProvider": "tmdb",
      "layout": "grid",
      "restriction": "genre",
      "restrictionModelId": 99,
      "autoUpdateMethod": "latestVideos"
    },
    "created_at": "2023-07-16T11:42:13.000000Z",
    "updated_at": "2023-07-16T11:53:38.000000Z",
    "model_type": "channel"
  },
  {
    "slug": "crime-tv-shows",
    "name": "Crime TV shows",
    "internal": false,
    "description": null,
    "type": "channel",
    "public": true,
    "config": {
      "contentType": "autoUpdate",
      "contentOrder": "popularity:desc",
      "nestedLayout": "carousel",
      "contentModel": "series",
      "autoUpdateProvider": "tmdb",
      "layout": "grid",
      "restriction": "genre",
      "restrictionModelId": 80,
      "autoUpdateMethod": "discover"
    },
    "created_at": "2023-07-16T11:47:36.000000Z",
    "updated_at": "2023-07-16T11:48:22.000000Z",
    "model_type": "channel"
  },
  {
    "slug": "music-movies",
    "name": "Music movies",
    "internal": false,
    "description": null,
    "type": "channel",
    "public": true,
    "config": {
      "contentType": "autoUpdate",
      "contentOrder": "popularity:desc",
      "nestedLayout": "landscapeCarousel",
      "contentModel": "movie",
      "autoUpdateProvider": "tmdb",
      "layout": "grid",
      "restriction": "genre",
      "restrictionModelId": 10402,
      "autoUpdateMethod": "latestVideos"
    },
    "created_at": "2023-07-16T11:55:41.000000Z",
    "updated_at": "2023-07-16T12:06:34.000000Z",
    "model_type": "channel"
  },
  {
    "slug": "supernatural-tv",
    "name": "Supernatural TV",
    "internal": false,
    "description": null,
    "type": "channel",
    "public": true,
    "config": {
      "contentType": "autoUpdate",
      "contentOrder": "popularity:desc",
      "nestedLayout": "carousel",
      "contentModel": "series",
      "autoUpdateProvider": "tmdb",
      "layout": "grid",
      "restriction": "keyword",
      "restrictionModelId": 6152,
      "autoUpdateMethod": "discover"
    },
    "created_at": "2023-07-16T11:58:17.000000Z",
    "updated_at": "2023-07-16T11:58:37.000000Z",
    "model_type": "channel"
  },
  {
    "slug": "superhero-movies",
    "name": "Superhero movies",
    "internal": false,
    "description": null,
    "type": "channel",
    "public": true,
    "config": {
      "contentType": "autoUpdate",
      "contentOrder": "popularity:desc",
      "nestedLayout": "carousel",
      "contentModel": "movie",
      "autoUpdateProvider": "tmdb",
      "layout": "grid",
      "restriction": "keyword",
      "restrictionModelId": 9715,
      "autoUpdateMethod": "discover"
    },
    "created_at": "2023-07-16T12:00:05.000000Z",
    "updated_at": "2023-07-16T12:00:19.000000Z",
    "model_type": "channel"
  },
  {
    "slug": "tv-shows-based-on-books",
    "name": "TV shows based on books",
    "internal": false,
    "description": null,
    "type": "channel",
    "public": true,
    "config": {
      "contentType": "autoUpdate",
      "contentOrder": "popularity:desc",
      "nestedLayout": "carousel",
      "contentModel": "series",
      "autoUpdateProvider": "tmdb",
      "layout": "grid",
      "restriction": "keyword",
      "autoUpdateMethod": "latestVideos",
      "restrictionModelId": 818
    },
    "created_at": "2023-07-16T12:02:07.000000Z",
    "updated_at": "2023-07-16T12:02:16.000000Z",
    "model_type": "channel"
  },
  {
    "slug": "disaster-movies",
    "name": "Disaster movies",
    "internal": false,
    "description": null,
    "type": "channel",
    "public": true,
    "config": {
      "contentType": "autoUpdate",
      "contentOrder": "popularity:desc",
      "nestedLayout": "carousel",
      "contentModel": "movie",
      "autoUpdateProvider": "tmdb",
      "layout": "grid",
      "restriction": "keyword",
      "restrictionModelId": 189411,
      "autoUpdateMethod": "discover"
    },
    "created_at": "2023-07-16T12:05:02.000000Z",
    "updated_at": "2023-07-16T12:06:27.000000Z",
    "model_type": "channel"
  }
]
